{
  "employee_position": {
    "Secretary": 0.17186375899280576,
    "Systems Engineer": 0.06017311151079137,
    "Integration and Testing Engineer": 0.04231115107913669,
    "Development Engineer (Hardware / Software / Mechanical)": 0.0385341726618705,
    "Algorithm Engineer": 0.03289118705035971,
    "Manufacturing Engineer": 0.03126124100719425,
    "Operations Manager": 0.03112634892086331,
    "Warehouse Manager": 0.029597571942446044,
    "Procurement Officer": 0.029114208633093525,
    "Project Manager": 0.028821942446043164,
    "Bid Coordinator": 0.027506744604316548,
    "Process Engineer": 0.027281924460431654,
    "Head of R&D": 0.027203237410071943,
    "Design Engineer": 0.02714703237410072,
    "Project Coordinator": 0.0258318345323741,
    "Test Engineer": 0.025146133093525178,
    "Head of Engineering": 0.024662769784172662,
    "Marketing Manager": 0.02395458633093525,
    "Logistics Manager": 0.023459982014388488,
    "Business Development Manager": 0.022819244604316547,
    "Account Manager": 0.021683902877697843,
    "Data Scientist": 0.020717176258992807,
    "Enterprise Systems Developer (ERP / CRM / SAP)": 0.019222122302158272,
    "BI Developer / Data Analyst": 0.01914343525179856,
    "Information Security Specialist": 0.01904226618705036,
    "Project Engineer": 0.018952338129496402,
    "Budget Manager": 0.015355215827338129,
    "IT Director": 0.012331384892086331,
    "Systems and Network Administrator": 0.012117805755395684,
    "Accountant": 0.011904226618705036,
    "Training Coordinator": 0.010465377697841727,
    "Recruitment Coordinator": 0.009554856115107913,
    "Employee Welfare Coordinator": 0.008666816546762589,
    "HR Manager": 0.007857464028776979,
    "Financial Analyst": 0.007688848920863309,
    "Finance Manager": 0.007284172661870504,
    "Regulatory Affairs Officer": 0.005361960431654676,
    "Chief Information Security Officer (CISO)": 0.004743705035971223,
    "Security Officer": 0.003372302158273381,
    "Physical Access Control": 0.003068794964028777,
    "Defense Export Compliance Officer": 0.0026866007194244605,
    "Information Security Investigator": 0.0017760791366906476,
    "Legal Advisor": 0.0015625,
    "Cyber Analyst": 0.0014163669064748202,
    "Chief Marketing and Business Development Officer": 0.0013376798561151079,
    "Chief Human Resources Officer (CHRO)": 0.0007081834532374101,
    "Chief Operating Officer (COO)": 0.0006407374100719425,
    "Chief Executive Officer (CEO)": 0.0006294964028776978
  },
  "employee_origin_country": {
    "Israel": 0.4224595323741007,
    "Russia": 0.08263264388489208,
    "Ukraine": 0.072380845323741,
    "France": 0.05897032374100719,
    "Ethiopia": 0.04912320143884892,
    "USA": 0.04815647482014389,
    "Morocco": 0.03012589928057554,
    "UK": 0.024640287769784174,
    "Argentina": 0.022864208633093526,
    "India": 0.020795863309352517,
    "South Africa": 0.019491906474820145,
    "Germany": 0.01923336330935252,
    "Canada": 0.017232464028776977,
    "Romania": 0.015017985611510791,
    "China": 0.014995503597122302,
    "Brazil": 0.012511241007194245,
    "Georgia": 0.011443345323741007,
    "Hungary": 0.01006070143884892,
    "Poland": 0.009633543165467625,
    "Turkey": 0.007947392086330935,
    "Iran": 0.004597571942446043,
    "Libya": 0.0040467625899280575,
    "Syria": 0.0037657374100719425,
    "Yemen": 0.0034509892086330937,
    "Qatar": 0.0032598920863309354,
    "Sudan": 0.0024842625899280575,
    "Pakistan": 0.002293165467625899,
    "Tunisia": 0.0020346223021582735,
    "Kuwait": 0.001506294964028777,
    "Malaysia": 0.0011690647482014388,
    "North Korea": 0.0008543165467625899,
    "Iraq": 0.0008205935251798561
  }
}